Model,p-value
GCN,0.006670411074229646
GAT,0.0002212768635267066
GFormer,0.006497083195304228
MixHop,0.1852060786476267
PNA,0.01219272027341952
GIN,0.0034407748997566465
