Model,p-value
GCN,0.0016922884477832032
GAT,0.060916824138688125
GFormer,0.3246928556230616
MixHop,0.0004179732345039064
PNA,0.17916538949694036
GIN,0.0009909235072323257
