Model,p-value
GCN,0.0003384050981491605
GAT,0.0033989185590980117
GFormer,0.11650236544966076
MixHop,0.00016584226856587077
PNA,0.1516762622983124
GIN,0.00038697902262677174
