Model,p-value
GCN,0.002228924678927454
GAT,0.014097877028069675
GFormer,0.19688736783462182
MixHop,0.00122974768030824
PNA,0.24067271002313564
GIN,0.0024053469941321404
