Model,p-value
GCN,0.0006514155326902052
GAT,2.0702759923935027e-05
GFormer,0.0009989395291057424
MixHop,0.020850546128742833
PNA,0.0011463133480100565
GIN,0.0003248552703228412
