Model,p-value
GCN,0.04965083226958762
GAT,0.33294672251605395
UniMP,0.12447737905224342
MixHop,0.01484901365709787
PNA,0.0172368250368807
GIN,0.001882830721687923
