Model,p-value
GCN,0.13633788702477692
GAT,0.538297203100829
UniMP,0.3073468218815079
MixHop,0.05142729693147827
PNA,0.05854759049415058
GIN,0.005239273581312833
