DrugA_idx,DrugA_target_num,DrugA_target_att_sum,DrugB_idx,DrugB_target_num,DrugB_target_att_sum,Cell_idx,Score,index1,Drug,Target,node_num,node_name,node_type,att_deg
1496.0,1.0,8.31556123557799,1497.0,1.0,1.31183868186,SK-MEL-2,-0.4444444444444444,1768,1496,372,372,EGFR,gene,8.31556123557799
1498.0,1.0,0.16118474088,1497.0,1.0,1.31183868186,SK-MEL-2,-4.222222222222222,2531,1498,980,980,PGR,gene,0.16118474088
1498.0,1.0,0.16118474088,1496.0,1.0,8.31556123557799,SK-MEL-2,-9.444444444444445,242,1498,980,980,PGR,gene,0.16118474088
