DrugA_idx,DrugA_target_num,DrugA_target_idfatt_sum,DrugB_idx,DrugB_target_num,DrugB_target_idfatt_sum,Cell_idx,Score,index1,Drug,Target,node_num,node_name,att_deg
1496.0,1.0,0.19368963225024105,1497.0,1.0,10.975328188510712,SK-MEL-2,-0.4444444444444444,1768,1496,372,372,EGFR,0.19368963225024105
1498.0,1.0,1.348531229182685,1497.0,1.0,10.975328188510712,SK-MEL-2,-4.222222222222222,2531,1498,980,980,PGR,1.348531229182685
1498.0,1.0,1.348531229182685,1496.0,1.0,0.19368963225024105,SK-MEL-2,-9.444444444444445,242,1498,980,980,PGR,1.348531229182685
